name,manufacturer,price,description,category
EcoCharge HomeVault 10,EcoCharge,1499,"The HomeVault 10 is a 10kWh LiFePO4 battery designed for whole-home backup. It features an advanced Battery Management System (BMS) for optimal safety and a 6,000 cycle life.",battery
Quantum EnergyBank 5,Quantum Energy,750,"Store your solar energy with the Quantum EnergyBank 5. This 5kWh unit uses safe LiFePO4 technology for reliable, long-lasting performance. Perfect for self-consumption and peak shaving.",battery
AuraPower Reserve 15,AuraPower,1999,"Achieve energy independence with the AuraPower Reserve 15, a scalable 15kWh storage solution. Its modular, stackable design allows for easy installation and future expansion.",battery
VoltStorage Core 2.5,VoltStorage,299.99,"The VoltStorage Core 2.5 is a compact 2.5kWh LFP battery. It's an ideal entry-point for solar storage, helping you optimize self-consumption and reduce your electricity bills.",battery
AmpereDrive Titan 12,AmpereDrive,1750,"This 12kWh Lithium-Ion (NMC) battery is built for high-power applications. It offers excellent power density and round-trip efficiency, perfect for off-grid homes requiring large loads.",battery
PowerFlow Stack 7.5,PowerFlow,1100,"The PowerFlow Stack 7.5 is a 7.5kWh modular LFP battery. You can stack up to four units for a total of 30kWh, making it a flexible solution for growing energy needs.",battery
GridCore WallMount 8,GridCore,1250,"This 8kWh LiFePO4 battery features a slim, wall-mountable design. It integrates seamlessly into your home and provides reliable backup power during grid outages.",battery
ElementVolt LFP 14,ElementVolt,1900,"The ElementVolt LFP 14 is a high-capacity 14kWh battery. It uses cobalt-free LiFePO4 chemistry, offering superior safety, thermal stability, and an exceptionally long lifespan.",battery
ZenithStorage Z-Bank 4,ZenithStorage,600,"A 4kWh LFP battery module that is rack-mountable for easy installation. It's a scalable solution, perfect for building custom-sized battery banks for off-grid or commercial use.",battery
TerraCharge HomeBase 10,TerraCharge,1550,The 10kWh TerraCharge HomeBase provides dependable energy storage. Its integrated smart BMS communicates directly with leading inverters for optimized charging and discharging cycles.,battery
EcoCharge HomeVault 13.5,EcoCharge,1850,"The 13.5kWh HomeVault is a high-capacity LiFePO4 battery. It's designed for full home backup, ensuring your lights and essential appliances stay on during any outage.",battery
Quantum EnergyBank 7,Quantum Energy,1050,This 7kWh LiFePO4 battery offers a great balance of capacity and price. It's perfect for residential users looking to maximize their solar self-consumption.,battery
AuraPower Reserve 10,AuraPower,1450,"The AuraPower Reserve 10 is a 10kWh modular battery. Its sleek design and scalable architecture make it a popular choice for modern, energy-smart homes.",battery
VoltStorage Core 5,VoltStorage,760,"A 5kWh LFP battery that is simple to install and operate. The VoltStorage Core 5 is a robust, no-fuss solution for adding energy storage to any solar PV system.",battery
AmpereDrive Titan 9,AmpereDrive,1300,"This 9kWh NMC battery delivers high power output in a compact form factor. It's ideal for homes with high peak energy demands, like those with EV chargers.",battery
PowerFlow Stack 3.5,PowerFlow,499,The 3.5kWh PowerFlow Stack is the base module for their scalable system. Start with one and add more later as your energy storage requirements increase.,battery
GridCore WallMount 11,GridCore,1600,"This 11kWh wall-mounted LFP battery features an integrated DC disconnect. This simplifies installation and provides a clean, all-in-one look in your garage or utility room.",battery
ElementVolt LFP 6.5,ElementVolt,950,A 6.5kWh LiFePO4 battery with a very high cycle life. It's engineered for durability and is an excellent choice for off-grid applications where reliability is paramount.,battery
ZenithStorage Z-Bank 2.4,ZenithStorage,350,This 2.4kWh rack-mounted LFP module is a favorite for DIYers and system integrators. It offers robust performance and is easily paralleled for larger system builds.,battery
TerraCharge HomeBase 12,TerraCharge,1700,"The 12kWh TerraCharge HomeBase is a smart battery. It can be programmed for time-of-use arbitrage, charging from the grid when rates are low and powering your home when they are high.",battery
EcoCharge HomeVault 7.5,EcoCharge,1150,"A 7.5kWh LFP battery from the reliable HomeVault series. It's a mid-sized option perfect for many homes, providing both blackout protection and daily energy cycling.",battery
Quantum EnergyBank 10,Quantum Energy,1480,"The 10kWh EnergyBank is a complete home storage solution. It features a wide operating temperature range, making it suitable for installation in garages or sheds.",battery
AuraPower Reserve 5,AuraPower,770,This 5kWh stackable module is the building block of the AuraPower system. Its simple plug-and-play connectivity makes installation fast and straightforward for certified installers.,battery
VoltStorage Core 8,VoltStorage,1200,"The 8kWh VoltStorage Core offers reliable LiFePO4 storage. It is designed for longevity, providing over 10 years of service under normal daily cycling conditions.",battery
AmpereDrive Titan 15,AmpereDrive,1999,The 15kWh Titan is a high-capacity NMC battery for large homes. Its high discharge rate can power multiple heavy-duty appliances simultaneously during an outage.,battery
PowerFlow Stack 10.5,PowerFlow,1550,"This 10.5kWh battery system is comprised of three 3.5kWh modules. This modularity simplifies transportation and installation, allowing for a one-person setup.",battery
GridCore WallMount 4,GridCore,650,A compact 4kWh wall-mounted LFP battery. It's the perfect size for apartments or small homes looking to offset evening energy consumption with stored solar power.,battery
ElementVolt LFP 9,ElementVolt,1320,The 9kWh ElementVolt battery is built with prismatic LiFePO4 cells for maximum safety. It includes a smart BMS with Wi-Fi monitoring to track your energy usage.,battery
ZenithStorage Z-Bank 5,ZenithStorage,750,"A 5kWh 48V rack-mounted battery module. It's compatible with most 48V inverters, making it a flexible choice for new systems or battery replacements.",battery
TerraCharge HomeBase 6,TerraCharge,900,"The 6kWh TerraCharge HomeBase is a reliable LFP battery. It is designed to work seamlessly with solar, providing a clean energy solution day and night.",battery
EcoCharge HomeVault 5,EcoCharge,780,"The 5kWh HomeVault is the entry-level model in the series. It provides essential backup power and self-consumption capabilities in a compact, affordable LFP package.",battery
Quantum EnergyBank 14,Quantum Energy,1890,This 14kWh high-capacity LFP battery is perfect for off-grid living. Its robust construction and safe chemistry provide peace of mind and long-lasting energy independence.,battery
AuraPower Reserve 7.5,AuraPower,1120,"The 7.5kWh AuraPower Reserve is a scalable LFP battery. Its elegant design looks great on the wall, and its modularity lets you add more capacity later.",battery
VoltStorage Core 10,VoltStorage,1450,"A 10kWh LiFePO4 battery that offers exceptional value. The VoltStorage Core 10 is built for durability, with a 10-year warranty and a maintenance-free design.",battery
AmpereDrive Titan 6,AmpereDrive,950,This 6kWh NMC battery is optimized for power density. It's a great choice for hybrid systems where space is limited but high power output is required.,battery
PowerFlow Stack 14,PowerFlow,1950,A 14kWh system (four 3.5kWh modules). This high-capacity LFP solution is ideal for large homes or small businesses looking to reduce demand charges.,battery
GridCore WallMount 13,GridCore,1800,"The 13kWh GridCore WallMount is a high-performance LFP battery. It provides a high continuous discharge rate, suitable for powering air conditioners and well pumps.",battery
ElementVolt LFP 4.5,ElementVolt,699,"This 4.5kWh LFP battery is engineered for safety and reliability. It's a perfect match for smaller solar arrays, helping to store excess energy for use at night.",battery
ZenithStorage Z-Bank 3.5,ZenithStorage,480,"A 3.5kWh 48V rack battery module. These are easy to parallel, allowing for highly customized battery bank sizes to perfectly match your inverter and load profile.",battery
TerraCharge HomeBase 8,TerraCharge,1220,"The 8kWh TerraCharge HomeBase is a smart LFP battery. It integrates with smart home platforms, allowing you to optimize your energy storage around your daily routines.",battery
EcoCharge HomeVault 12,EcoCharge,1720,"This 12kWh LFP battery provides reliable backup for most of your home. It features a high round-trip efficiency, ensuring more of your stored solar energy is available for use.",battery
Quantum EnergyBank 3,Quantum Energy,450,An entry-level 3kWh LFP battery for load shifting. It's an affordable way to start with energy storage and reduce your reliance on the grid during peak hours.,battery
AuraPower Reserve 12.5,AuraPower,1799,A 12.5kWh (five 2.5kWh modules) stackable LFP system. The AuraPower Reserve's modular design makes it easy to install without heavy lifting equipment.,battery
VoltStorage Core 6.5,VoltStorage,975,"The 6.5kWh VoltStorage Core is a dependable LFP battery. It's designed for simple integration with grid-tied or hybrid inverters, providing a reliable storage solution.",battery
AmpereDrive Titan 10,AmpereDrive,1500,"This 10kWh NMC battery is a high-performance unit. Its chemistry allows for fast charging and discharging, making it ideal for capturing maximum solar energy.",battery
PowerFlow Stack 7,PowerFlow,1080,"A 7kWh (two 3.5kWh modules) LFP battery system. This mid-sized solution is perfect for a typical family home, providing overnight power and backup.",battery
GridCore WallMount 9,GridCore,1350,"The 9kWh GridCore LFP battery features a sleek, integrated design. Its wall-mounting bracket is included, making for a clean and professional-looking installation.",battery
ElementVolt LFP 11,ElementVolt,1620,"A robust 11kWh LiFePO4 battery built for longevity. It's an ideal storage solution for off-grid cabins or homes that experience frequent, extended power outages.",battery
ZenithStorage Z-Bank 4.8,ZenithStorage,720,This 4.8kWh 48V rack battery is a top-seller. Its high-quality LFP cells and smart BMS ensure reliable performance and compatibility with a wide range of inverters.,battery
TerraCharge HomeBase 14,TerraCharge,1950,"The 14kWh TerraCharge HomeBase is a premium LFP storage solution. It offers deep cycling capabilities and a sophisticated thermal management system for a long, reliable service life.",battery
SafeLock Pro Pair M/F,SafeLock,7.99,"This MC4-compatible connector pair (Male/Female) ensures a secure, IP67 waterproof connection for 10 or 12 AWG solar cable. Made from durable PPO material for long-term outdoor use.",connector
PV-Link T-Branch 2-1,PV-Link,18.5,This T-Branch connector (1 Male to 2 Female) allows for easy parallel wiring of solar panels. It features a quick snap-in locking mechanism and is IP67 rated.,connector
AmpJoin Y-Splitter Set,AmpJoin,21.99,"A 1-to-2 Y-branch connector set (M/FF and F/MM) for efficient parallel string connections. These connectors are TUV certified and built for low-resistance, safe power transmission.",connector
SolarSnap H4 Pair,SolarSnap,9.95,"Industry standard Amphenol H4 connector pair. These are known for their robust design, low contact resistance, and excellent durability in all weather conditions.",connector
QuickLink MC3 Set (10-pack),QuickLink,35,A bulk pack of 10 pairs of older generation MC3 connectors. These are perfect for repair or maintenance on legacy solar installations that do not use the MC4 standard.,connector
SafeLock Inline Fuse 15A,SafeLock,14.99,"This MC4-compatible inline fuse holder comes with a 15A fuse. It provides essential overcurrent protection for your solar strings, preventing damage and ensuring system safety.",connector
PV-Link 4-to-1 Combiner,PV-Link,32,"This 4-string parallel combiner connector simplifies wiring. It takes four inputs and combines them into one output, all within a single IP68 waterproof housing.",connector
AmpJoin Bulkhead M/F Pair,AmpJoin,12.5,"A panel-mount MC4 connector pair (Male/Female). These are designed to be mounted on the wall of a combiner box or inverter, providing a clean, waterproof pass-through.",connector
HelioConnect Evo 2 Pair,HelioConnect,10.5,"The next generation MC4-Evo 2 connector pair. These are certified for 1500V systems, offering higher performance and suitability for modern, high-voltage solar arrays.",connector
JunctionX Diode Connector,JunctionX,16,An MC4-compatible connector with an integrated bypass diode (15A). This is useful for preventing reverse current flow in shaded panels or custom parallel configurations.,connector
SafeLock Pro Pair (10-pack),SafeLock,49.99,"A bulk pack of 10 pairs of SafeLock Pro MC4 connectors. This is an economical choice for professional installers, ensuring you have quality connectors ready for the job.",connector
PV-Link T-Branch 3-1,PV-Link,24,This 1-to-3 T-Branch connector (1 Male to 3 Female) is perfect for combining three solar panels in parallel. It maintains an IP67 rating for durable outdoor use.,connector
AmpJoin Y-Splitter (Long),AmpJoin,25,A 1-to-2 Y-branch connector set with 1-foot extension cables. This provides extra flexibility when wiring panels that are spaced further apart on the racking.,connector
SolarSnap H4 Tool Kit,SolarSnap,45,"A complete crimping and assembly tool kit for Amphenol H4 connectors. This ensures you get perfect, reliable crimps every time for a safe and secure connection.",connector
QuickLink MC4 Wrench Set,QuickLink,8.99,A pair of lightweight plastic wrenches designed specifically for tightening and loosening MC4 connectors. A must-have tool for any solar installer to prevent under-tightening.,connector
SafeLock Inline Fuse 20A,SafeLock,15.5,"A 20A inline fuse holder with an MC4-compatible design. Use this to protect your strings from overcurrent, especially in systems with larger, high-power panels.",connector
PV-Link 2-to-1 Combiner,PV-Link,19,A simple 2-string parallel combiner connector (MM/F). This is a clean and waterproof alternative to using a standard Y-splitter for combining two panel strings.,connector
AmpJoin Bulkhead Set (5-pack),AmpJoin,40,A 5-pack of panel-mount MC4 bulkhead connector pairs. Ideal for building custom combiner boxes or for inverter manufacturers needing reliable DC inputs.,connector
HelioConnect Evo 2 T-Branch,HelioConnect,22,A T-branch connector designed for the 1500V MC4-Evo 2 standard. This is essential for high-voltage commercial and utility-scale solar projects.,connector
JunctionX End Cap (10-pack),JunctionX,12.99,A pack of 10 male and female MC4-compatible dust caps. These are crucial for safely covering and weatherproofing any unused connectors on your inverter or string.,connector
SafeLock Pro M/F 8AWG,SafeLock,9.5,A heavy-duty MC4-compatible connector pair designed for larger 8 AWG solar cable. This is necessary for long cable runs or high-current strings to minimize voltage drop.,connector
PV-Link T-Branch 2-Way (M/F),PV-Link,18.99,"A 2-input, 2-output T-branch connector. This is useful for creating complex parallel-series string configurations while maintaining a tidy and waterproof wiring setup.",connector
AmpJoin Y-Splitter 3-1,AmpJoin,28,A 1-to-3 Y-branch connector set (M/FFF and F/MMM). This simplifies the wiring for combining three parallel strings into a single homerun.,connector
SolarSnap H4 Inline Fuse 30A,SolarSnap,19.99,A 30A inline fuse holder using the Amphenol H4 connector standard. This provides robust string protection for systems built with H4 connectors.,connector
QuickLink MC4 Crimping Tool,QuickLink,34.99,"A high-precision ratchet crimping tool for MC4 metal pins. This tool ensures a gas-tight, reliable crimp that will last for the 25+ year life of the solar system.",connector
SafeLock Inline Fuse 10A,SafeLock,14.5,"A 10A inline fuse holder for MC4 connectors. This is a common size for protecting strings of smaller, lower-current solar panels from fault conditions.",connector
PV-Link 3-to-1 Combiner,PV-Link,28,This 3-string parallel combiner connector (MMM/F) simplifies your wiring. Its IP68-rated housing ensures it can be installed anywhere on the roof or array.,connector
AmpJoin Bulkhead (Female only),AmpJoin,6.99,A single female panel-mount MC4 connector. This is useful for custom projects or repairs where only one side of the bulkhead connection is needed.,connector
HelioConnect Evo 2 Y-Branch,HelioConnect,25,A Y-branch splitter set for 1500V MC4-Evo 2 connectors. This is the professional standard for parallel connections in high-voltage utility solar farms.,connector
JunctionX Disconnect Key Set,JunctionX,7.5,A set of two MC3 disconnect tools. These are essential for safely unlocking and separating MC3 connectors without damaging the locking clips.,connector
SafeLock Pro Pair 10AWG (50-pack),SafeLock,220,A bulk box of 50 pairs of SafeLock Pro MC4 connectors. This is the most economical option for professional solar installers doing large residential or commercial jobs.,connector
PV-Link T-Branch 3-Way (M/F),PV-Link,25,"A 3-input, 3-output T-branch connector. This advanced connector is designed for creating matrix-style parallel connections in large, complex solar arrays.",connector
AmpJoin Y-Splitter 4-1,AmpJoin,35,"A 1-to-4 Y-branch connector set. This allows you to combine four parallel strings into one, reducing the number of homerun cables needed to the combiner box.",connector
SolarSnap H4 T-Branch,SolarSnap,24,A T-branch connector (1 Male to 2 Female) for systems using Amphenol H4 connectors. Ensures compatibility and a waterproof seal for parallel connections.,connector
QuickLink MC3 to MC4 Adapter,QuickLink,11.99,"A 1-foot adapter cable with an MC3 connector on one end and an MC4 on the other. This is essential for retrofitting new panels into an older, existing MC3-based system.",connector
SafeLock Inline Diode 15A,SafeLock,17,"A 15A inline blocking diode with MC4 connectors. This is used to prevent back-feeding in multi-string setups, especially with strings of different lengths or orientations.",connector
PV-Link 5-to-1 Combiner,PV-Link,42,This 5-string parallel combiner connector simplifies wiring on large residential or small C&I projects. Its IP68 housing is built to last.,connector
AmpJoin Bulkhead (Male only),AmpJoin,6.99,"A single male panel-mount MC4 connector. Perfect for custom-built power stations or combiner boxes where you need a secure, waterproof DC input point.",connector
HelioConnect Evo 2 Crimp Tool,HelioConnect,49.99,"A certified ratchet crimping tool specifically for MC4-Evo 2 connector pins. This is required to ensure proper, safe connections for 1500V systems.",connector
JunctionX Solar Label Kit,JunctionX,25,"A complete kit of UV-resistant, outdoor-rated warning labels ('PV SYSTEM', 'DC DISCONNECT', etc.). These are required by electrical code for a safe, compliant installation.",connector
SafeLock Pro Pair 12AWG (50-pack),SafeLock,210,A bulk box of 50 pairs of SafeLock Pro MC4 connectors optimized for 12 AWG cable. This is a standard size for most residential solar panel leads.,connector
PV-Link T-Branch 4-1,PV-Link,29.99,"A 1-to-4 T-branch connector (1 Male to 4 Female). This is a compact solution for paralleling four panels, reducing wiring clutter and installation time.",connector
AmpJoin Y-Splitter (Long 3ft),AmpJoin,29,A 1-to-2 Y-branch connector set with 3-foot extension cables. This is perfect for systems using microinverters or optimizers where connections are far apart.,connector
SolarSnap H4 Disconnect Tool,SolarSnap,9.99,A specialized metal disconnect tool for Amphenol H4 connectors. This is much more durable than plastic tools and is required to unlock H4 connectors.,connector
QuickLink MC4 to SAE Adapter,QuickLink,14.99,A 2-foot adapter cable with an MC4 pair on one end and a standard 2-pin SAE connector on the other. This is ideal for connecting solar panels to portable power stations.,connector
SafeLock Inline Fuse 25A,SafeLock,16.5,"A 25A inline fuse holder with MC4 connectors. This is used for protecting higher-current strings, often found in systems with bifacial or large-format panels.",connector
PV-Link 6-to-1 Combiner,PV-Link,49.5,This 6-string parallel combiner connector is the largest in its class. It significantly simplifies homerun wiring for large residential rooftop arrays.,connector
AmpJoin Bulkhead Wrench,AmpJoin,10,A specialized wrench for tightening the plastic nut on MC3 bulkhead connectors. This ensures a proper IP67 seal against the combiner box enclosure.,connector
HelioConnect Evo 2 Inline Fuse,HelioConnect,24.99,A 20A inline fuse holder compatible with the 1500V MC4-Evo 2 standard. This is the correct choice for overcurrent protection in high-voltage strings.,connector
JunctionX MC4 Assembly Tool,JunctionX,15,A 3-in-1 tool for MC4 connectors. It includes two disconnect keys for unlocking and two wrench heads for tightening the cable gland securely.,connector
Solarix Prime 450,Solarix,279.99,"This high-efficiency monocrystalline panel offers an impressive 450W output, making it ideal for residential rooftops. Features advanced PERC technology and a robust black aluminum frame for enhanced durability.",solar panel
RadiantEnergy X-Pro 550,RadiantEnergy,489.5,"Experience top-tier performance with the X-Pro 550, a 550W bifacial module. Its N-type TOPCon technology ensures excellent energy harvest even in low-light conditions. Backed by a 30-year performance warranty.",solar panel
QuantumCell Q.Peak 400,QuantumCell,225,"A cost-effective solution for large-scale commercial projects, the Q.Peak 400 provides 400W of reliable power. Built with high-density cell technology and a robust design to withstand harsh weather.",solar panel
FusionPV Flex 310,FusionPV,149.99,"This lightweight, flexible 310W panel is perfect for RVs, boats, and non-standard roof shapes. Its durable polymer construction resists salt mist and high winds, offering versatile installation options.",solar panel
ZenithSolar Vertex 600,ZenithSolar,499,Maximize your power density with the ZenithSolar Vertex 600. This 600W panel uses large-format cells and half-cut technology to reduce internal losses and boost efficiency for utility-scale applications.,solar panel
SunVolt Guardian 380,SunVolt,199.99,The SunVolt Guardian 380 is a reliable polycrystalline panel designed for budget-conscious installations. Its 380W output and proven performance make it a workhorse for grid-tied systems.,solar panel
TerraWatt Edge 430,TerraWatt,255.75,"This 430W monocrystalline panel features a sleek all-black design, perfect for homeowners who value aesthetics. It combines high efficiency with excellent temperature coefficients for great performance.",solar panel
HelioTek Bifacial 540,HelioTek,475,"The HelioTek Bifacial 540 captures sunlight from both sides, increasing total energy yield by up to 25%. This 540W module is ideal for ground-mount systems with reflective surfaces.",solar panel
Apex Solar Apex 410,Apex Solar,235.5,"A high-performance 410W monocrystalline panel from Apex Solar. It utilizes multi-busbar technology to improve reliability and efficiency, ensuring a long service life and stable output.",solar panel
NovaGrid PowerBlock 500,NovaGrid,410,"The NovaGrid PowerBlock 500 is engineered for commercial and industrial rooftops. This 500W panel offers a fantastic balance of power, size, and cost, optimizing your return on investment.",solar panel
Solarix Prime 440,Solarix,269.99,"This 440W monocrystalline panel is part of the flagship Prime series. It features anti-reflective coated glass and a reinforced frame, making it a durable choice for all climates.",solar panel
RadiantEnergy X-Pro 530,RadiantEnergy,465,"The X-Pro 530 is a high-output 530W bifacial module. Its advanced cell structure minimizes power degradation, ensuring a reliable and high-yield energy source for decades.",solar panel
QuantumCell Q.Peak 390,QuantumCell,215,This 390W all-black monocrystalline panel provides excellent aesthetics for residential installations. Its high cell density and low-light performance guarantee strong energy production year-round.,solar panel
FusionPV Shingle 350,FusionPV,180,The FusionPV Shingle 350 uses innovative overlapping cell technology to eliminate busbars. This 350W panel not only looks great but also performs exceptionally well in partial shade.,solar panel
ZenithSolar Vertex 580,ZenithSolar,480,"A utility-scale champion, the 580W Vertex panel from ZenithSolar is built for large projects. Its 210mm cells and high-efficiency design help reduce balance-of-system (BOS) costs.",solar panel
SunVolt Guardian 405,SunVolt,229.5,"The Guardian 405 is a robust 405W monocrystalline panel. It is certified to withstand high snow (5400 Pa) and wind (2400 Pa) loads, making it perfect for harsh environments.",solar panel
TerraWatt Edge 450,TerraWatt,275,"This 450W panel from TerraWatt is a reliable workhorse. It features half-cut cell technology to improve shade tolerance and reduce hotspots, ensuring system longevity and safety.",solar panel
HelioTek Mono 395,HelioTek,219.99,"A classic 395W monocrystalline panel with a silver frame. It offers solid efficiency and a proven track record, making it a safe and economical choice for standard installations.",solar panel
Apex Solar Apex 500,Apex Solar,405,The Apex 500 is a high-power 500W module designed for C&I projects. Its large wafer size and 10-busbar design contribute to its high power density and reliability.,solar panel
NovaGrid PowerBlock 440,NovaGrid,260,"This 440W panel features a durable, corrosion-resistant frame and high-transparency glass. It's an excellent all-around performer for both rooftop and ground-mount solar arrays.",solar panel
Solarix Prime 460,Solarix,295,"The Solarix Prime 460 is a premium 460W monocrystalline panel. It boasts a low temperature coefficient, ensuring stable power output even on the hottest summer days.",solar panel
RadiantEnergy X-Pro 520,RadiantEnergy,450,"This 520W bifacial module is a powerhouse. Its transparent backsheet design allows it to capture reflected light, boosting overall energy production significantly in the right conditions.",solar panel
QuantumCell Q.Peak 415,QuantumCell,240,The 415W Q.Peak panel from QuantumCell features advanced anti-LID and anti-PID technology. This ensures your system performs reliably and safely for its entire 25-year lifespan.,solar panel
FusionPV Flex 300,FusionPV,145,"An ultra-light 300W flexible panel perfect for marine applications. Its ETFE top layer is non-stick and self-cleaning, providing consistent performance with minimal maintenance.",solar panel
ZenithSolar Vertex 590,ZenithSolar,490,"This 590W high-capacity panel is designed to lower the LCOE for utility-scale projects. Its high module efficiency means fewer panels, less racking, and lower installation costs.",solar panel
SunVolt Guardian 370,SunVolt,190,"A dependable 370W polycrystalline panel that offers excellent value. Its robust build and proven field performance make it a popular choice for large, cost-sensitive projects.",solar panel
TerraWatt Edge 420,TerraWatt,245,The TerraWatt Edge 420 is a 420W monocrystalline panel with a sleek black-on-black design. It provides excellent curb appeal without compromising on power or efficiency.,solar panel
HelioTek Bifacial 535,HelioTek,469,"Capture more energy with the 535W HelioTek Bifacial. This panel is perfect for carports, pergolas, and ground-mounts where light can be captured from the rear side.",solar panel
Apex Solar Apex 390,Apex Solar,210,This 390W monocrystalline panel is a popular choice for residential systems. Its compact size and high efficiency make it a great fit for roofs with limited space.,solar panel
NovaGrid PowerBlock 480,NovaGrid,380,"The 480W PowerBlock panel is engineered for reliability. It features 9-busbar half-cut cells, which reduce resistive losses and enhance overall module efficiency significantly.",solar panel
Solarix Prime 435,Solarix,260,"A 435W monocrystalline panel from the Solarix Prime series. It offers a great balance of performance and price, backed by a solid 25-year linear power warranty.",solar panel
RadiantEnergy X-Pro 545,RadiantEnergy,480,"The 545W X-Pro bifacial module is a top-performer. Its N-type cells have virtually zero light-induced degradation (LID), ensuring more power over the system's lifetime.",solar panel
QuantumCell Q.Peak 385,QuantumCell,205,"This 385W panel offers excellent performance in low-light and high-temperature conditions. Its robust frame is certified for heavy snow loads, making it ideal for northern climates.",solar panel
FusionPV Shingle 360,FusionPV,189,"The 360W shingled panel from FusionPV provides a beautiful, seamless look. The overlapping cell design maximizes the active panel area for higher power density.",solar panel
ZenithSolar Vertex 570,ZenithSolar,470,This 570W panel is a workhorse for solar farms. Its 1/3-cut cell design and multi-busbar technology ensure high reliability and power output for large-scale energy generation.,solar panel
SunVolt Guardian 410,SunVolt,235,"The 410W Guardian panel is a versatile monocrystalline module. It's suitable for everything from residential rooftops to large commercial systems, offering solid performance and value.",solar panel
TerraWatt Edge 400,TerraWatt,220,"A 400W all-black panel that combines aesthetics with performance. Its half-cut cell layout improves shade tolerance, making it a smart choice for roofs with obstructions.",solar panel
HelioTek Mono 450,HelioTek,280,This 450W monocrystalline panel from HelioTek is a powerful and reliable option. It uses 182mm wafers to achieve higher efficiency and power output in a standard-sized frame.,solar panel
Apex Solar Apex 440,Apex Solar,265,The Apex 440 combines 9-busbar and half-cut cell technologies. This 440W panel delivers excellent performance and reliability for any grid-tied solar project.,solar panel
NovaGrid PowerBlock 490,NovaGrid,399,This 490W panel is designed for commercial and industrial applications. Its high power density helps to maximize the energy output from limited roof space.,solar panel
Solarix Prime 425,Solarix,250,"The 425W Solarix Prime is a high-efficiency monocrystalline panel. It's built to last, featuring a salt-mist and ammonia-resistant frame for coastal or agricultural areas.",solar panel
RadiantEnergy X-Pro 500,RadiantEnergy,420,"A 500W bifacial panel with a dual-glass design. This module offers extreme durability and fire safety, in addition to the extra energy yield from its bifacial cells.",solar panel
QuantumCell Q.Peak 405,QuantumCell,230,"This 405W panel is a residential favorite. Its Q.ANTUM cell technology ensures high performance, and its all-black design provides a sleek, modern look on any roof.",solar panel
FusionPV Flex 320,FusionPV,155,The 320W flexible panel from FusionPV is incredibly lightweight at only 5 lbs. It's perfect for curved surfaces and mobile applications where traditional glass panels won't work.,solar panel
ZenithSolar Vertex 560,ZenithSolar,460,"This 560W panel is built on the 210mm large-wafer platform. It's optimized for utility-scale projects, delivering maximum power and reducing installation labor costs.",solar panel
SunVolt Guardian 390,SunVolt,212,A 390W monocrystalline panel known for its reliability. The Guardian 390 has passed rigorous testing to ensure it performs optimally even in challenging weather conditions.,solar panel
TerraWatt Edge 415,TerraWatt,239,The 415W TerraWatt Edge features a striking all-black design. Its half-cut cell technology not only boosts power but also makes the panel more resilient to micro-cracks.,solar panel
HelioTek Bifacial 525,HelioTek,460,"This 525W bifacial module features a robust dual-glass construction. It's designed for maximum lifetime yield, capturing ambient light from the rear to boost production.",solar panel
Apex Solar Apex 450,Apex Solar,279,"The 450W Apex panel is a powerful all-rounder. Its 9-busbar design reduces internal resistance, leading to higher efficiency and a lower cell operating temperature.",solar panel
NovaGrid PowerBlock 460,NovaGrid,350,"A 460W panel perfect for commercial rooftops. The PowerBlock 460 offers a high power-to-size ratio, allowing you to fit more solar capacity in a limited area.",solar panel
